Job Title,Location,Salary,Monthly Salary,Locality,State
Robotics / STEM Trainer,"Indore, Madhya Pradesh","₹1,80,000 - ₹3,60,000 a year",270000,,Madhya Pradesh
HTML Developers - Freshers,"Banaswadi, Bengaluru, Karnataka",Not specified,,Banaswadi,Karnataka
Java Developers - Freshers,"Banaswadi, Bengaluru, Karnataka",Not specified,,Banaswadi,Karnataka
"Teachers - Pre-Primary and Primary (English, Mathematics, EVS and Computers)","Pulivendla, Andhra Pradesh","₹20,000 - ₹30,000 a month",25000,,Andhra Pradesh
College Student,Remote,"₹15,000 - ₹20,000 a month",17500,Remote,Remote
Software Testers - Freshers,"Banaswadi, Bengaluru, Karnataka",Not specified,,Banaswadi,Karnataka
Web Developer - Freshers,"Banaswadi, Bengaluru, Karnataka",Not specified,,Banaswadi,Karnataka
Computer Operator and Data Entry - Freshers,"Banaswadi, Bengaluru, Karnataka",Not specified,,Banaswadi,Karnataka
Back Office Assistant,Remote,"₹14,678 - ₹22,689 a month",18683.5,Remote,Remote
Customer Service Officer,Remote,"From ₹12,800 a month",,Remote,Remote
Recruiter,Remote,"₹12,000 - ₹25,000 a month",18500,Remote,Remote
Sales Advisor_ Work From Home,Remote,"₹10,000 - ₹25,000 a month",17500,Remote,Remote
Junior Python Developer,"Kochi, Kerala","₹35,000 - ₹55,000 a month",45000,,Kerala
Customer Support - Trainee,Remote,"₹3,00,000 - ₹6,00,000 a year",450000,Remote,Remote
Fresher KYC Verification Executive,"Indraprastha H.O, Delhi, Delhi","₹17,000 - ₹23,000 a month",20000,Indraprastha H.O,Delhi
Trainee,"Powai, Mumbai, Maharashtra","₹4,00,000 - ₹6,00,000 a year",500000,Powai,Maharashtra
Chat Support Representative- Mohali,"Mohali, Punjab","₹30,000 - ₹35,000 a month",32500,,Punjab
"Fresher (ITI , Diploma or Any Degree)","Erode, Tamil Nadu","₹12,000 - ₹15,000 a month",13500,,Tamil Nadu
Python Intern Trainee,"Kulasegaram, Tamil Nadu","₹8,500 - ₹22,000 a month",15250,,Tamil Nadu
Software Engineer Trainee - Freshers,"Tirunelveli, Tamil Nadu",Not specified,,,Tamil Nadu
Programmer Trainee,Remote,"From ₹2,71,362.01 a year",,Remote,Remote
Quality Analyst,Remote,"₹2,80,000 - ₹3,50,000 a year",315000,Remote,Remote
Data Entry Operator,"Hassan, Karnataka",Not specified,,,Karnataka
Mobile App Developer - Freshers,"Banaswadi, Bengaluru, Karnataka",Not specified,,Banaswadi,Karnataka
Mega Walk-in drive Customer Service Representative- Fresher's,"Noida, Uttar Pradesh","₹13,000 - ₹17,000 a month",15000,,Uttar Pradesh
Python Developer Trainee,Kerala,Not specified,,Kerala,Kerala
Junior Data Scientist,"Bengaluru, Karnataka","₹2,50,000 - ₹5,00,000 a year",375000,,Karnataka
Digital Marketing - Freshers,"Banaswadi, Bengaluru, Karnataka",Not specified,,Banaswadi,Karnataka
Receptionist,"Thrissur, Kerala",Not specified,,,Kerala
Web Developer - Fresher,"Madurai, Tamil Nadu",Not specified,,,Tamil Nadu
Document verification (office Fresher Applied Now),"Delhi Cantt, Delhi, Delhi","₹10,914.81 - ₹21,867.53 a month",16391.17,Delhi Cantt,Delhi
Graduate Trainee,Remote,Not specified,,Remote,Remote
Internship JOB Opening for freshers,Remote,"₹8,000 - ₹15,000 a month",11500,Remote,Remote
Consultant Doctor,"Tirupati, Andhra Pradesh","₹20,000 - ₹25,000 a month",22500,,Andhra Pradesh
Software Trainees,"Bengaluru, Karnataka",Not specified,,,Karnataka
Back Office Assistant,"Pimpri-Chinchwad, Maharashtra","₹28,000 - ₹34,000 a month",31000,,Maharashtra
Digital Marketing Intern,Remote,"₹10,000 - ₹15,000 a month",12500,Remote,Remote
Fresher - Malayalam,"Coimbatore, Tamil Nadu","₹8,086.00 - ₹26,786.74 a month",17436.37,,Tamil Nadu
Call Quality Analyst,"Bengaluru, Karnataka","₹4,00,000 - ₹5,00,000 a year",450000,,Karnataka
Marketing Intern,"Anantapur, Andhra Pradesh",Not specified,,,Andhra Pradesh
Junior Engineers(Freshers),"Kochi, Kerala",Not specified,,,Kerala
Social Media Manager,Remote,"From ₹32,000 a month",,Remote,Remote
HR Assistant,"Madurai, Tamil Nadu","₹12,000 - ₹15,000 a month",13500,,Tamil Nadu
Digital Marketing Intern,Remote,"₹2,000 - ₹5,000 a day",3500,Remote,Remote
Fresh Graduates (Male),"Singanallur, Tamil Nadu",Not specified,,,Tamil Nadu
Manager,"Idukki, Kerala",Not specified,,,Kerala
Freshers - Trainee,"Hyderabad, Telangana",Not specified,,,Telangana
Hiring Freshers for Bangalore Location ( Budget upto 45k inhand),"Bengaluru, Karnataka","₹30,000 - ₹50,000 a month",40000,,Karnataka
Phone Banking Officer,"Jaipur, Rajasthan","₹2,00,000 - ₹3,50,000 a year",275000,,Rajasthan
"Trainee Engineer, Fresher","Indore, Madhya Pradesh",Not specified,,,Madhya Pradesh
Content Creator,Remote,"₹30,000 - ₹60,000 a month",45000,Remote,Remote
Social Media Manager,Remote,"₹11,347.87 - ₹43,137.86 a month",27242.865,Remote,Remote
Amazon Advertising Executive,"Thrissur, Kerala","₹14,000 - ₹17,500 a month",15750,,Kerala
Software Engineer,"Pune, Maharashtra",Not specified,,,Maharashtra
Administration/Office Manager,"Thrissur, Kerala","₹15,000 - ₹25,000 a month",20000,,Kerala
Draftsman,India,₹8 - ₹10 an hour,,India,India
Documents verification,"Vadapalani, Chennai, Tamil Nadu","₹15,000 - ₹30,000 a month",22500,Vadapalani,Tamil Nadu
Software Developer Fresher,India,Not specified,,India,India
E-Commerce works agency with Amazon PPC Ad management,Remote,"₹12,000.00 - ₹33,807.10 a month",22903.55,Remote,Remote
Delivery Partner/Delivery Executive,"Manipala, Karnataka","₹20,000 - ₹45,000 a month",32500,,Karnataka
Store & Purchase Executive,"Durgapur, West Bengal","₹20,000 - ₹40,000 a month",30000,,West Bengal
Account Executive,"Muvattupuzha, Kerala","₹12,000 - ₹60,000 a month",36000,,Kerala
Software Trainee,"Pollachi H.O, Tamil Nadu",Not specified,,,Tamil Nadu
Need female graduates to train school student in Bandel,"Hugli, West Bengal","₹15,000 - ₹18,000 a month",16500,,West Bengal
Billing Executive,"Idukki, Kerala","₹15,000 - ₹21,000 a month",18000,,Kerala
Hotel Management Trainee,"Kottayam, Kerala","₹20,000 - ₹30,000 a month",25000,,Kerala
FACULTY WANTED - COMMERCE,"Pollachi, Tamil Nadu","₹18,000 - ₹45,000 a month",31500,,Tamil Nadu
Project Manager,Remote,"From ₹25,000 a month",,Remote,Remote
Editor,"Bengaluru, Karnataka","Up to ₹4,00,000 a year",,,Karnataka
Front Office,"Kochi, Kerala","₹20,000 - ₹25,000 a month",22500,,Kerala
RTO Executive,"Erode, Tamil Nadu","₹16,000 - ₹20,000 a month",18000,,Tamil Nadu
HR Co-ordinator,"Thrissur, Kerala","₹12,000 - ₹15,000 a month",13500,,Kerala
Content Writers - Part Time,"Hubli, Karnataka",Not specified,,,Karnataka
Video Editor,Remote,"₹5,000 - ₹7,000 a month",6000,Remote,Remote
Delivery Partner/Delivery Executive,"Kochi, Kerala","₹15,000 - ₹45,000 a month",30000,,Kerala
Fresher Software engineer at Technopark,"Thiruvananthapuram, Kerala","₹9,000 - ₹12,000 a month",10500,,Kerala
AWS intern,Remote,Not specified,,Remote,Remote
Video Editing Intern,Remote,"₹4,000 - ₹5,000 a month",4500,Remote,Remote
Google Ads Executive(fresher/experience),"Ambli, Ahmedabad, Gujarat","Up to ₹35,000 a month",,Ambli,Gujarat
JET - Fresher Diploma Engineer(Mechanical/Fabrication/Production),"Surat, Gujarat","₹2,00,000 - ₹3,00,000 a year",250000,,Gujarat
Executive Diploma Trainee,"Bengaluru, Karnataka",Not specified,,,Karnataka
tellecaller,"Shimla, Himachal Pradesh","₹18,569 - ₹27,467 a month",23018,,Himachal Pradesh
Supervisors/Incharges,"Pudukkottai, Tamil Nadu",Not specified,,,Tamil Nadu
Junior Business Analyst,"Udumalaippettai, Tamil Nadu","Up to ₹10,000 a month",,,Tamil Nadu
Computer Faculty,Remote,"From ₹10,000 a month",,Remote,Remote
Process Associate,"Bhubaneswar, Orissa","₹1,00,000 - ₹2,20,000 a year",160000,,Orissa
Fresher IT Software Training in Infopark,"Kochi, Kerala","₹9,000 - ₹15,000 a month",12000,,Kerala
Hotel Management Trainee,"Thiruvananthapuram, Kerala","₹24,000 - ₹32,000 a month",28000,,Kerala
Kyc Verification Executive Fresher,"Naraina, Delhi, Delhi",Not specified,,Naraina,Delhi
Video Editor,Remote,"₹10,000 - ₹15,000 a month",12500,Remote,Remote
Business Development Associate,"Bengaluru, Karnataka","₹4,50,000 - ₹5,00,000 a year",475000,,Karnataka
Hindi Content Writer Intern.,Remote,"₹10,000 a month",10000,Remote,Remote
Digital Marketing Intern,Remote,"₹5,000 - ₹6,000 a month",5500,Remote,Remote
Delivery Partner/Delivery Executive,"Mangalore, Karnataka","₹20,000 - ₹60,000 a month",40000,,Karnataka
Social Media Intern (Remote),Remote,"₹4,900 - ₹5,000 a month",4950,Remote,Remote
Summer Internship Programme,"Mohali, Punjab","From ₹10,000 a month",,,Punjab
Wanted female office assistants,"Gandhipuram, Coimbatore, Tamil Nadu","From ₹17,000 a month",,Gandhipuram,Tamil Nadu
UI/UX Freshers (2024),Remote,"₹5,00,000 a year",500000,Remote,Remote
Graphic Designer Internship,Remote,"₹7,000 - ₹10,000 a month",8500,Remote,Remote
Trainee,"Rampur, Uttar Pradesh",Not specified,,,Uttar Pradesh
Digital Marketing Intern/Fresher,Delhi,"Up to ₹10,000 a month",,Delhi,Delhi
Data Entry Operators,Delhi,Not specified,,Delhi,Delhi
Content Creator Intern,Remote,"₹5,000 - ₹10,000 a month",7500,Remote,Remote
QA/QC Trainee,"Vadodara, Gujarat",Not specified,,,Gujarat
Document verification,"Nesapakkam, Chennai, Tamil Nadu","₹15,000 a month",15000,Nesapakkam,Tamil Nadu
Digital Marketing Manager,Remote,"₹32,500 - ₹36,500 a month",34500,Remote,Remote
Freshers - Delhi,"Delhi, Delhi","₹7,50,000 a year",750000,,Delhi
QA Engineer Fresher,"Pune, Maharashtra","₹20,000 - ₹30,000 a month",25000,,Maharashtra
Social Media Intern,Remote,"₹8,086.00 - ₹22,129.77 a month",15107.885,Remote,Remote
Receptionist Front Desk,"Delhi, Delhi","From ₹35,000 a month",,,Delhi
Derivatives Trader,Delhi,Not specified,,Delhi,Delhi
Document verification fresher apply now,"Gurugram, Haryana","₹11,109.96 - ₹32,719.16 a month",21914.56,,Haryana
Technical Support Engineer,"Bengaluru, Karnataka","₹24,000 - ₹43,000 a month",33500,,Karnataka
Freshers / Internship,"Pune, Maharashtra",Not specified,,,Maharashtra
Shipment /Pricing/ Documentation Executive - (Freshers can apply),"Tambaram West, Chennai, Tamil Nadu",Not specified,,Tambaram West,Tamil Nadu
Fresher software tester internship,"Kochi, Kerala","₹10,000 - ₹15,000 a month",12500,,Kerala
Fresher Engineer,"Pune, Maharashtra",Not specified,,,Maharashtra
Python - Fresher,"Pune, Maharashtra",Not specified,,,Maharashtra
Graduate Student,"Kochi, Kerala","₹10,000 - ₹15,000 a month",12500,,Kerala
FRESHERS BOOTCAMP Job oriented Program,Remote,Not specified,,Remote,Remote
Project Manager,"Madurai, Tamil Nadu","₹15,000 - ₹35,000 a month",25000,,Tamil Nadu
Cyber Security Trainee,India,"₹20,000 a month",20000,India,India
SEO Intern/Trainee,Remote,Not specified,,Remote,Remote
Corporate Assistant - Freshers,"Banaswadi, Bengaluru, Karnataka",Not specified,,Banaswadi,Karnataka
Trainee Software Developer Fresher,"Vadodara, Gujarat",Not specified,,,Gujarat
TRAINEE ENGINEER- NETWORK SECURITY,"Bengaluru, Karnataka","₹4,00,000 a year",400000,,Karnataka
IT fresher(Trainee engineer),"Bengaluru, Karnataka","₹2,50,000 - ₹3,00,000 a year",275000,,Karnataka
SEO Executive,Remote,"₹5,000 - ₹8,000 a month",6500,Remote,Remote
Trainee - Junior Data Analyst,"Coimbatore, Tamil Nadu",Not specified,,,Tamil Nadu
Java Fresher,Karnataka,Not specified,,Karnataka,Karnataka
Academic Advisor (Work from Home),"Perumbavoor, Kerala","₹12,000 - ₹25,000 a month",18500,,Kerala
Research Analyst (Fresher),"Noida, Uttar Pradesh","₹3,50,000 a year",350000,,Uttar Pradesh
Social Media Manager,Remote,"₹6,500 - ₹17,000 a month",11750,Remote,Remote
QA Fresher,"Ahmedabad, Gujarat","Up to ₹2,50,000 a year",,,Gujarat
Google Ads Specialist,"Ahmedabad, Gujarat","₹4,00,000 - ₹7,00,000 a year",550000,,Gujarat
Alt-Text Writer - General,Remote,"₹20,000 - ₹25,000 a month",22500,Remote,Remote
Talent Acquisition Specialist- Freshers,Remote,Not specified,,Remote,Remote
Accounts Assistant,"Pollachi, Tamil Nadu","From ₹15,000 a month",,,Tamil Nadu
Graduate Trainee (full Time),Goa,"₹3,25,000 - ₹4,75,000 a year",400000,Goa,Goa
Voice Process Trainee,Remote,"₹10,000 - ₹25,000 a month",17500,Remote,Remote
Quality Engineer Trainee,"Bommasandra Industrial Estate, Bengaluru, Karnataka","₹4,00,000 a year",400000,Bommasandra Industrial Estate,Karnataka
freshers,"Aruppukkottai, Tamil Nadu","₹7,000 - ₹10,000 a month",8500,,Tamil Nadu
Finance Intern,Remote,"₹10,000 - ₹20,000 a month",15000,Remote,Remote
HR Recruiter,Remote,"₹10,000 - ₹15,000 a month",12500,Remote,Remote
Power BI – Fresher,"Mumbai, Maharashtra",Not specified,,,Maharashtra
Field Officer,"Kokrajhar, Assam","₹15,000 a month",15000,,Assam
HR Executive Fresher,Remote,"From ₹9,306.88 a month",,Remote,Remote
Jewel Data Entry,"Kavundampalayam, Coimbatore, Tamil Nadu","₹10,000 - ₹17,000 a month",13500,Kavundampalayam,Tamil Nadu
Operations Co-ordinator,"Kottayam, Kerala","₹15,000 - ₹20,000 a month",17500,,Kerala
Data Analyst,"Tambaram, Chennai, Tamil Nadu","₹18,000 - ₹36,000 a month",27000,Tambaram,Tamil Nadu
Fresher opening for Manual Testing,"Ashapur, Varanasi, Uttar Pradesh","₹10,161.00 - ₹30,193.25 a month",20177.125,Ashapur,Uttar Pradesh
Quality Analyst,"Kottivakkam, Chennai, Tamil Nadu","₹17,800 - ₹35,900 a month",26850,Kottivakkam,Tamil Nadu
Production Fresher,"Chakan, Pune, Maharashtra","₹20,000 - ₹25,000 a month",22500,Chakan,Maharashtra
GET (Graduate Engineer Trainee),"Bengaluru, Karnataka","₹1,00,000 - ₹1,20,000 a year",110000,,Karnataka
jewellery cad designer,Remote,"₹15,000 - ₹30,000 a month",22500,Remote,Remote
IT Recruiters – Freshers,"Bengaluru, Karnataka",Not specified,,,Karnataka
Factory Helpers / Helpers,"Bengaluru, Karnataka","₹14,700 - ₹20,650 a month",17675,,Karnataka
Fresher Software Developer,"Gadarwara, Madhya Pradesh",Not specified,,,Madhya Pradesh
Project Manager,"Bengaluru, Karnataka",Not specified,,,Karnataka
Data Analyst,"Saidapet, Chennai, Tamil Nadu","₹17,500 - ₹30,000 a month",23750,Saidapet,Tamil Nadu
TEACHER,"Cannanore, Kerala","₹10,000 - ₹30,000 a month",20000,,Kerala
Hybrid Mobile App Developer,"Kuzhittura, Tamil Nadu","₹8,000 - ₹35,000 a month",21500,,Tamil Nadu
Fellow - GI-HPB Surgery,"Kolkata, West Bengal",Not specified,,,West Bengal
Digital and AI Marketing Service Executive,Remote,"₹25,000 - ₹60,000 a month",42500,Remote,Remote
Freshers and Experience can apply,"Patan, Gujarat","₹12,000 - ₹35,000 a month",23500,,Gujarat
Remote IT Talent Sourcer (Fresher),Remote,Not specified,,Remote,Remote
Freelance Contributor,Remote,"₹2,000 - ₹5,000 a month",3500,Remote,Remote
Freelance Recruiter,Remote,"Up to ₹42,000 a month",,Remote,Remote
Customer Service Executive,"Whitefield, Bengaluru, Karnataka","₹2,50,000 - ₹3,80,000 a year",315000,Whitefield,Karnataka
Process Associates – BPO Non-voice,"Coimbatore, Tamil Nadu",Not specified,,,Tamil Nadu
Developer Trainee,"Cannanore, Kerala",Not specified,,,Kerala
Flutter Intern,"Padmanabhapuram, Tamil Nadu",Not specified,,,Tamil Nadu
Delivery Partner/Delivery Executive,"Madurai, Tamil Nadu","₹15,000 - ₹45,000 a month",30000,,Tamil Nadu
Management Trainee,Remote,"₹5,00,000 - ₹8,00,000 a year",650000,Remote,Remote
Visa submission officer - Operations,"Puducherry, Puducherry","₹19,000 - ₹20,000 a month",19500,,Puducherry
Intern/ Trainee Mobile Development,"Delhi, Delhi",Not specified,,,Delhi
Drug Safety Associate,"Nashik, Maharashtra","₹28,086.00 - ₹40,714.29 a month",34400.145,,Maharashtra
MEP Supervisor,"Chennai, Tamil Nadu","₹15,000 - ₹30,000 a month",22500,,Tamil Nadu
Accounts Assistant,"Calicut, Kerala",Not specified,,,Kerala
Fresher Mern Stack Developer,"Kochi, Kerala","₹10,000 - ₹13,000 a month",11500,,Kerala
Data Entry Operator/Computer Operator,"Thiruvananthapuram, Kerala","₹14,000 - ₹16,000 a month",15000,,Kerala
Delivery Partner/Delivery Executive,"Thrissur, Kerala","₹15,000 - ₹45,000 a month",30000,,Kerala
Artificial Intelligence Researcher - Freshers,"Banaswadi, Bengaluru, Karnataka",Not specified,,Banaswadi,Karnataka
BCA Fresher,"Bellandur, Bengaluru, Karnataka","₹2,00,000 - ₹4,00,000 a year",300000,Bellandur,Karnataka
TRAINEE ENGINEER,"Thiruvananthapuram, Kerala",Not specified,,,Kerala
HR Internship,"Bengaluru, Karnataka","₹5,000 - ₹10,000 a month",7500,,Karnataka
Product Intern,Remote,Not specified,,Remote,Remote
Research Associate,"Kharadi, Pune, Maharashtra","₹20,000 - ₹40,000 a month",30000,Kharadi,Maharashtra
Jr. PHP Developer (Fresher with 3-6 months training in PHP),"Mohali, Punjab","₹10,000 - ₹25,000 a month",17500,,Punjab
Service Engineer - Fresher (ITI or Diploma or Any Degree),"Hyderabad, Telangana","₹18,000 - ₹25,000 a month",21500,,Telangana
MBA Fresher,"Dharwad District, Karnataka","₹10,000 - ₹15,000 a month",12500,,Karnataka
Vacancy For Fresher - Nathdwara Rajasthan,"Rajsamand, Rajasthan","₹12,000 - ₹14,000 a month",13000,,Rajasthan
Billing Manager,"Ramanathapuram, Tamil Nadu","₹6,500 - ₹8,500 a month",7500,,Tamil Nadu
SALES & GODOWN WORK,"Thiruvarur, Tamil Nadu","₹15,000 - ₹25,000 a month",20000,,Tamil Nadu
Business Development,Remote,"From ₹30,000 a month",,Remote,Remote
Quality Analyst / Software Tester / Manual Tester,Delhi,Not specified,,Delhi,Delhi
Immediate hiring for freshers,"Coimbatore, Tamil Nadu","From ₹10,000 a month",,,Tamil Nadu
HR Recruiter (IT/Non IT) Freshers,"Bengaluru, Karnataka","₹2,50,000 a year",250000,,Karnataka
Sales Executive- Freshers can apply,"Coimbatore, Tamil Nadu","₹15,000 - ₹20,000 a month",17500,,Tamil Nadu
Coding Freshers,India,Not specified,,India,India
Data Mining (Freshers from Nagpur Location Only),"Nagpur, Maharashtra","₹8,500 - ₹12,000 a month",10250,,Maharashtra
Power App Trainee (Freshers),"Thiruvananthapuram, Kerala","₹12,000 - ₹25,000 a month",18500,,Kerala
Technical fresher,"Noida, Uttar Pradesh",Not specified,,,Uttar Pradesh
Data Entry Operator Fresher,"Udyog Bhawan, Delhi, Delhi","₹16,000 - ₹20,000 a month",18000,Udyog Bhawan,Delhi
Medical Biller - DME USA,"Delhi, Delhi","₹20,000 a month",20000,,Delhi
Logistics Executive,"Kochi, Kerala",Not specified,,,Kerala
Area Executive (Agri / Milk Procurement),"Bijawar, Madhya Pradesh",Not specified,,,Madhya Pradesh
Full Stack Development Intern,"Lucknow, Uttar Pradesh","Up to ₹3,00,000 a year",,,Uttar Pradesh
Data Entry Operator,"Balasore, Orissa",Not specified,,,Orissa
Marketing Intern,"Ramanathapuram, Tamil Nadu","₹8,000 - ₹10,000 a month",9000,,Tamil Nadu
Management Trainee- Investments & Life Insurance for Australian Shift (Vadodara Only),"Vadodara, Gujarat","₹17,000 - ₹30,000 a month",23500,,Gujarat
Data entry fresher apply now,"Noida, Uttar Pradesh","₹9,121.02 - ₹36,967.77 a month",23044.395,,Uttar Pradesh
Personal assistant,"Delhi, Delhi","₹30,000 - ₹35,000 a month",32500,,Delhi
Greenpeace NGO - Fundraiser,"Bengaluru, Karnataka","₹27,000 - ₹30,000 a month",28500,,Karnataka
Fresher_Mumbai_Bhartiyavidya peeth,"Mumbai, Maharashtra",Not specified,,,Maharashtra
Programmer,"Ashok Vihar, Delhi, Delhi","₹22,000 - ₹25,000 a month",23500,Ashok Vihar,Delhi
Freshers - Content writter,"Chinna Chokkikulam, Madurai, Tamil Nadu","₹10,000 - ₹15,000 a month",12500,Chinna Chokkikulam,Tamil Nadu
Receptionist,"Thrissur, Kerala",Not specified,,,Kerala
Service Engineer( Freshers can apply),"Coimbatore, Tamil Nadu","₹12,000 - ₹25,000 a month",18500,,Tamil Nadu
Business Development Associate,"Bengaluru, Karnataka","₹18,000 - ₹28,000 a month",23000,,Karnataka
Junior Software Engineer,"Chennai, Tamil Nadu","From ₹2,14,538.36 a year",,,Tamil Nadu
Wanted Freshers from Nagamalai Pudukottai and nearby areas,"Madurai, Tamil Nadu","₹8,000 - ₹10,000 a month",9000,,Tamil Nadu
Duty Officer,"Kochi, Kerala","₹18,000 - ₹23,000 a month",20500,,Kerala
Front Office Executive,"Sholinghur, Tamil Nadu","From ₹16,000 a month",,,Tamil Nadu
Fresher Operations Analyst (Construction),"Bengaluru, Karnataka","₹5,50,000 - ₹6,00,000 a year",575000,,Karnataka
Flutter Developer Intern,Remote,"₹13,192.39 - ₹62,082.66 a month",37637.525,Remote,Remote
Australian Accounting - Fresher,"Ahmedabad, Gujarat","₹15,000 - ₹50,000 a month",32500,,Gujarat
Accounts Assistant,"Kollam, Kerala","₹12,000 - ₹15,000 a month",13500,,Kerala
Female Kannada Telecalling Associate,"Shimoga, Karnataka",Not specified,,,Karnataka
Trainee Application Support Executive (WFH),"Pune, Maharashtra","₹10,000 - ₹15,000 a month",12500,,Maharashtra
freshers Intern,"Amravati, Maharashtra",Not specified,,,Maharashtra
Pay Per Click / Google Adwords Expert / Performance Marketing,"Okhla, Delhi, Delhi",Not specified,,Okhla,Delhi
Marketing Assistant,Remote,"₹15,000 - ₹20,000 a month",17500,Remote,Remote
Ticketing Executive,"Kurukshetra, Haryana","₹10,000 - ₹22,000 a month",16000,,Haryana
Quality Analyst,"Saravanampatti, Coimbatore, Tamil Nadu",Not specified,,Saravanampatti,Tamil Nadu
Software Trainee,"Chennai, Tamil Nadu","From ₹3,00,000 a year",,,Tamil Nadu
Scientific Analyst - Trainee,Remote,Not specified,,Remote,Remote
Business Development Associate (BDA),"Peelamedu, Coimbatore, Tamil Nadu","₹12,000 - ₹25,000 a month",18500,Peelamedu,Tamil Nadu
Trainee Software Engineer,"Bengaluru, Karnataka",Not specified,,,Karnataka
Student Counsellor,"Kochi, Kerala","₹15,000 - ₹30,000 a month",22500,,Kerala
Quality Control - Trainee,"Verna, Goa",Not specified,,,Goa
Cast Member,"Tenkasi, Tamil Nadu","₹1,000 - ₹5,000 a day",3000,,Tamil Nadu
Accounts Assistant,"Borivali East, Mumbai, Maharashtra","₹10,000 - ₹20,000 a month",15000,Borivali East,Maharashtra
Front Office,"Chamba, Himachal Pradesh","₹20,000 - ₹25,000 a month",22500,,Himachal Pradesh
Germany Physiotherapist,"Noida, Uttar Pradesh","₹2,00,000 a month",200000,,Uttar Pradesh
Vacancy for BA/BBA/BCA/BSc Fresher graduates,"Baddi, Himachal Pradesh","₹1,00,000 - ₹1,50,000 a year",125000,,Himachal Pradesh
Packaging- Technical Trainee,"Jammu, Jammu and Kashmir",Not specified,,,Jammu and Kashmir
Data Entry Operator,Delhi,Not specified,,Delhi,Delhi
Pick Packer,"Pappanaickenpalayam, Coimbatore, Tamil Nadu","₹7,000 - ₹11,000 a month",9000,Pappanaickenpalayam,Tamil Nadu
Office Work Experience,"Samastipur, Bihar","From ₹10,000 a month",,,Bihar
Graduate Trainee,"Noida, Uttar Pradesh",Not specified,,,Uttar Pradesh
Quality Control,"Borivali East, Mumbai, Maharashtra",Not specified,,Borivali East,Maharashtra
Front Office Executives and Interns,"Kottayam, Kerala","From ₹22,000 a month",,,Kerala
Cashier,"Perambalur, Tamil Nadu","From ₹15,000 a month",,,Tamil Nadu
Commis 3,"Vasai, Maharashtra","₹8,000 - ₹12,000 a month",10000,,Maharashtra
Academic Advisor - Female,"Kochi, Kerala","₹20,000 - ₹26,000 a month",23000,,Kerala
Ai developer/intern,"Belgachia, Kolkata, West Bengal","₹30,000 - ₹60,000 a month",45000,Belgachia,West Bengal
Accounts and HR Executive (Female Only),"Santacruz West, Mumbai, Maharashtra","Up to ₹12,000 a month",,Santacruz West,Maharashtra
Analyst - Research,"Gurugram, Haryana",Not specified,,,Haryana
Diploma Trainee,"Chhati, Chhattisgarh","₹13,000 - ₹15,000 a month",14000,,Chhattisgarh
Vacancy For Fresher Photography - Girnar Ropeway Gujarat,"Junagadh, Gujarat","₹12,000 - ₹14,000 a month",13000,,Gujarat
"CS Management Trainee (Financial Planning & Investment) Job Location:- Vadodara, Gujarat Only","Vadodara, Gujarat","₹10,000 - ₹27,000 a month",18500,,Gujarat
Life Insurance Advisor,"Cannanore, Kerala","₹25,000 - ₹50,000 a month",37500,,Kerala
Cashier,"Kollam, Kerala","₹12,000 - ₹15,000 a month",13500,,Kerala
Research Analyst-(Entry level job for freshers),"Mohali, Punjab","₹7,000 - ₹10,000 a month",8500,,Punjab
BE/MCA Fresher,"Indore, Madhya Pradesh",Not specified,,,Madhya Pradesh
Fresh Graduates,"Bengaluru, Karnataka",Not specified,,,Karnataka
Personal Assistant,"Jaipura, Rajasthan","₹20,000 - ₹30,000 a month",25000,,Rajasthan
Graphic Designer - Fresher,"Madurai, Tamil Nadu",Not specified,,,Tamil Nadu
Technical Graduate Apprentice - India UHR,"Bengaluru, Karnataka",Not specified,,,Karnataka
Education Consultant,"Kasaragod, Kerala","₹12,000 - ₹25,000 a month",18500,,Kerala
Warehouse Incharge,"Payyannur, Kerala","₹20,000 - ₹28,000 a month",24000,,Kerala
Research Trainee,"Denkanikota, Tamil Nadu",Not specified,,,Tamil Nadu
Accessories Incharge,"Alleppey, Kerala","₹14,000 - ₹18,000 a month",16000,,Kerala
TRAINEE,Kerala,Not specified,,Kerala,Kerala
Brand Collaborator,"Hyderabad, Telangana","₹15,000 - ₹20,000 a month",17500,,Telangana
Trainee Digital(Freshers - BSc/BCA/MCA),Remote,"Up to ₹15,000 a month",,Remote,Remote
General Basic Workers,"Pudukkottai, Tamil Nadu",Not specified,,,Tamil Nadu
Medical Scribe,"Tenkasi, Tamil Nadu","₹10,000 - ₹12,000 a month",11000,,Tamil Nadu
Data Analyst Trainee,"Visakhapatnam, Andhra Pradesh",Not specified,,,Andhra Pradesh
ATM Service Engineer,"Salem, Tamil Nadu","₹18,000 - ₹24,000 a month",21000,,Tamil Nadu
Organic Chemist - Trainee - 2024,"Ahmedabad, Gujarat",Not specified,,,Gujarat
Organic Chemist - Trainee - 2024,"Ahmedabad, Gujarat",Not specified,,,Gujarat
Factory Incharge,"Thane, Maharashtra","₹40,000 - ₹65,000 a month",52500,,Maharashtra
Machine Learning,"Noida, Uttar Pradesh","₹18,000 - ₹30,000 a month",24000,,Uttar Pradesh
Graduate Trainee - Pickling,"Mahesana, Gujarat",Not specified,,,Gujarat
Off Campus Hiring for Fresher Batch 2023 - 24,"Mohali, Punjab","₹3,00,000 - ₹5,00,000 a year",400000,,Punjab
Associate Trainee,"Indore, Madhya Pradesh",Not specified,,,Madhya Pradesh
Software Trainee Programmer,"Jubilee Hills, Hyderabad, Telangana",Not specified,,Jubilee Hills,Telangana
Helper - Male Only,"Coimbatore, Tamil Nadu","₹8,000 - ₹12,000 a month",10000,,Tamil Nadu
Graphic Designer,"Palghat, Kerala","From ₹9,598.81 a month",,,Kerala
Technical Executive,"Bengaluru, Karnataka","₹30,000 - ₹40,000 a month",35000,,Karnataka
Teaching & non Teaching,"Bikaner, Rajasthan","From ₹20,000 a month",,,Rajasthan
Data Entry Operator,"Bengaluru, Karnataka",Not specified,,,Karnataka
Database Administrators,"Chennai, Tamil Nadu",Not specified,,,Tamil Nadu
Trainee Associate,"Hyderabad, Telangana",Not specified,,,Telangana
DMO,"Nizamabad, Telangana","₹40,000 - ₹50,000 a month",45000,,Telangana
Web Designers,"Kochi, Kerala",Not specified,,,Kerala
CA Fresher / Final Group (Pursuing),"Gwalior, Madhya Pradesh",Not specified,,,Madhya Pradesh
Personal Secretary,"Noida, Uttar Pradesh","₹75,000 - ₹80,000 a month",77500,,Uttar Pradesh
Anchor,"Kochi, Kerala","₹15,000 - ₹25,000 a month",20000,,Kerala
Human Resource Intern,"Purasawalkam, Chennai, Tamil Nadu",Not specified,,Purasawalkam,Tamil Nadu
Software Trainer,"Todupulai, Kerala","From ₹12,000 a month",,,Kerala
Modelling,"Delhi, Delhi","From ₹10,000 a day",,,Delhi
Block Coordinator,"Kidwaipuri, Patna, Bihar","₹12,000 - ₹25,000 a month",18500,Kidwaipuri,Bihar
Assistant Professor / Associate Professor / Professor,Chandigarh,Not specified,,Chandigarh,Chandigarh
Data Entry Operator/Computer Operator,"Raigarh, Chhattisgarh","₹10,000 - ₹20,000 a month",15000,,Chhattisgarh
Graduate Trainee,"Bengaluru, Karnataka","₹9,000 a month",9000,,Karnataka
Computer staff - (Female) for kollam,"Kollam, Kerala","₹8,000 - ₹10,000 a month",9000,,Kerala
HR Trainee,"Coimbatore, Tamil Nadu",Not specified,,,Tamil Nadu
Assistant Professor,"Champa, Chhattisgarh","₹25,000 - ₹35,000 a month",30000,,Chhattisgarh
Hubli - Fresh Graduates for English Ad Design,"Hubli, Karnataka","₹11,150 - ₹25,000 a month",18075,,Karnataka
Sales Associate,"Dehradun, Uttarakhand","₹18,000 - ₹21,000 a month",19500,,Uttarakhand
Media Intern (Admin & Teaching),"Nashik, Maharashtra","₹5,000 - ₹6,000 a month",5500,,Maharashtra
Sound Engineer,"Navi Mumbai, Maharashtra",Not specified,,,Maharashtra
Associate Trainee- Fresher,"Indore, Madhya Pradesh",Not specified,,,Madhya Pradesh
Computer Operator,"Mandvi, Gujarat","₹12,000 - ₹15,000 a month",13500,,Gujarat
Quality Assurance,"Borivali East, Mumbai, Maharashtra",Not specified,,Borivali East,Maharashtra
Data entry operater,"Vadapalani, Chennai, Tamil Nadu","₹15,000 - ₹25,000 a month",20000,Vadapalani,Tamil Nadu
Brand Collaborator,"Bengaluru, Karnataka","₹15,000 - ₹20,000 a month",17500,,Karnataka
Fresher Opportunity for the post of Mechanical Trainee Engineer,"Bengaluru, Karnataka",Not specified,,,Karnataka
Admin,"Mysuru, Karnataka","Up to ₹20,000 a month",,,Karnataka
Fresher Full stack developer,"Kottayam, Kerala","₹9,000 - ₹13,000 a month",11000,,Kerala
TRAINEE,"Tanuku, Andhra Pradesh",Not specified,,,Andhra Pradesh
fresher electronics engineer,"Kochi, Kerala",Not specified,,,Kerala
Assistant Supervisor,"Rajender Nagar, Delhi, Delhi","₹16,000 - ₹21,000 a month",18500,Rajender Nagar,Delhi
Assistant Store Keeper,"Aluva, Kerala","₹12,000 - ₹17,500 a month",14750,,Kerala
Field Information Officer,"Bhubaneswar, Orissa","₹20,000 - ₹25,000 a month",22500,,Orissa
FEMALE OFFICE STAFF,"Kollam, Kerala",Not specified,,,Kerala
Trainee,"Ahmedabad, Gujarat",Not specified,,,Gujarat
Intern / Trainee,"Pune, Maharashtra",Not specified,,,Maharashtra
IPQA Officer,"Kala Amb, Himachal Pradesh","From ₹20,000 a month",,,Himachal Pradesh
Business Analyst (Fresher),"Chennai, Tamil Nadu",Not specified,,,Tamil Nadu
Trainee Admission Officer,"Mysuru, Karnataka","₹3,00,000 - ₹6,00,000 a year",450000,,Karnataka
GET (Graduate Engineer Trainee),"Erode, Tamil Nadu","₹15,000 - ₹20,000 a month",17500,,Tamil Nadu
Trainee programmers,"Chennai, Tamil Nadu",Not specified,,,Tamil Nadu
Trainee Environmental Specialist,"Hyderabad, Telangana",Not specified,,,Telangana
Receptionist (Urgent),"Darjiling, West Bengal",Not specified,,,West Bengal
QA Game Tester,"Pune District, Maharashtra","₹18,000 a month",18000,,Maharashtra
For fresher(IT Sales),"Madurai, Tamil Nadu","Up to ₹1,20,000.53 a year",,,Tamil Nadu
Junior Associate,"Mysuru, Karnataka","₹17,000 - ₹19,000 a month",18000,,Karnataka
CAD Designer,"Ambattur, Chennai, Tamil Nadu","From ₹16,500 a month",,Ambattur,Tamil Nadu
Behavioural Trainer- Fresher,"Bengaluru, Karnataka","₹18,000 - ₹20,000 a month",19000,,Karnataka
Quality Analyst Intern,"Satellite, Ahmedabad, Gujarat","₹5,000 - ₹7,000 a month",6000,Satellite,Gujarat
Jr. Accounts Executive,"Kochi, Kerala",Not specified,,,Kerala
AR Caller Trainee,"Coimbatore, Tamil Nadu","Up to ₹50,000 a month",,,Tamil Nadu
Pizzahut Team member,"Devanhalli, Karnataka","₹15,500 - ₹20,800 a month",18150,,Karnataka
Document Scanning,"Moshi, Pune, Maharashtra","From ₹12,000 a month",,Moshi,Maharashtra
"Proofreading, Quality Control & Copy Editing - Freshers Also Welcome","Coimbatore, Tamil Nadu","₹1,05,842.90 - ₹3,63,348.95 a year",234595.925,,Tamil Nadu
QA Trainee,"Noida, Uttar Pradesh",Not specified,,,Uttar Pradesh
Pharma Freshers,"Mumbai Central, Mumbai, Maharashtra","₹2,50,000 - ₹3,50,000 a month",300000,Mumbai Central,Maharashtra
Human Resource,"Lucknow, Uttar Pradesh","₹3,00,000 - ₹8,00,000 a year",550000,,Uttar Pradesh
Project Billing Specialist,"Shivaji Nagar, Pune, Maharashtra","₹18,000 - ₹25,000 a month",21500,Shivaji Nagar,Maharashtra
Data Entry Intern,Remote,"₹2,000 - ₹4,000 a month",3000,Remote,Remote
Management Trainee(Financial Planning & Investments) (Job location:- Vadodara Only),"Vadodara, Gujarat","₹18,000 - ₹45,000 a month",31500,,Gujarat
Accounting Trainee,India,Not specified,,India,India
Programmer,"Kochi, Kerala",Not specified,,,Kerala
Python Developer,Remote,Not specified,,Remote,Remote
Documentation(Freshers),"Kottayam, Kerala","Up to ₹18,000 a month",,,Kerala
Bouncer,"Mumbai, Maharashtra","₹25,000 - ₹35,000 a month",30000,,Maharashtra
International Business Development Executive,"Salem, Tamil Nadu",Not specified,,,Tamil Nadu
MEDICAL REPRESENTATIVE VACANCY,"Bolpur, West Bengal","₹15,000 - ₹20,000 a month",17500,,West Bengal
Programme Coordinator,"Kodungallur, Kerala","From ₹3,00,000 a year",,,Kerala
Delivery Boy,"Kottayam, Kerala","₹15,000 - ₹25,000 a month",20000,,Kerala
Graduate Engineer Trainee (GET),"Tiruchchirappalli, Tamil Nadu",Not specified,,,Tamil Nadu
3D Modeling Artist,"Kazhakoottam, Thiruvananthapuram, Kerala","₹20,000 a month",20000,Kazhakoottam,Kerala
Virtual Scribe Trainee,"Hubli, Karnataka","₹30,000 - ₹35,000 a month",32500,,Karnataka
INTERNSHIP -HR (NON-PAID),"Kochi, Kerala",Not specified,,,Kerala
Executive - AO&CS,"Kochi, Kerala",Not specified,,,Kerala
Delivery Partner/Delivery Executive,"Bengaluru, Karnataka","₹20,000 - ₹60,000 a month",40000,,Karnataka
Data Analyst,"Chennai, Tamil Nadu","From ₹4,00,000 a year",,,Tamil Nadu
Graduate Trainee,"Kochi, Kerala","₹15,000 - ₹20,000 a month",17500,,Kerala
Business Analyst,"Saravanampatti, Coimbatore, Tamil Nadu",Not specified,,Saravanampatti,Tamil Nadu
Data Entry Operator,"Nagercoil, Tamil Nadu","From ₹2,00,000 a year",,,Tamil Nadu
Client Care Trainee,"Bengaluru, Karnataka",Not specified,,,Karnataka
Database Administrator,"Chennai, Tamil Nadu","₹19,457.51 - ₹71,405.55 a month",45431.53,,Tamil Nadu
Roto Artist,"Pune, Maharashtra",Not specified,,,Maharashtra
Trainee / Executive Medical Coding,"Salem, Tamil Nadu",Not specified,,,Tamil Nadu
HR recruitment officer,"Tiruppur, Tamil Nadu","₹20,000 - ₹25,000 a month",22500,,Tamil Nadu
Assisstant Resource Manager_Construction Projects,"Bengaluru, Karnataka","Up to ₹18,000 a month",,,Karnataka
Data Entry Operator (DEO),"INDERLOK, Delhi, Delhi","₹10,720.27 - ₹21,705.17 a month",16212.72,INDERLOK,Delhi
Software Engineer Trainee,"Chennai, Tamil Nadu","₹3,60,000 - ₹4,00,000 a year",380000,,Tamil Nadu
Hiring Graduates,"Tiruchchirappalli, Tamil Nadu","₹11,000 - ₹11,200 a month",11100,,Tamil Nadu
HR Trainee,"Pune, Maharashtra","₹2,00,000 - ₹3,50,000 a month",275000,,Maharashtra
Social Media Influencer,Remote,"₹9,334.49 - ₹14,000.00 a month",11667.245,Remote,Remote
Social media intern,Remote,Not specified,,Remote,Remote
Counsellor,Remote,Not specified,,Remote,Remote
HR TRAINEE,"Calicut, Kerala","₹15,000 - ₹18,000 a month",16500,,Kerala
JOB DRIVE @ Trivandrum,"Thiruvananthapuram, Kerala","₹15,000 - ₹35,000 a month",25000,,Kerala
Store Officer,"Todupulai, Kerala","₹10,000 - ₹20,000 a month",15000,,Kerala
Trainee Engineer Civil,"Thiruvananthapuram, Kerala",Not specified,,,Kerala
Regulatory,"Borivali East, Mumbai, Maharashtra",Not specified,,Borivali East,Maharashtra
Trainee Research Assistant,India,Not specified,,India,India
Software Trainee,"Valasaravakkam, Chennai, Tamil Nadu",Not specified,,Valasaravakkam,Tamil Nadu
General Manager,"Erode, Tamil Nadu","₹15,000 - ₹25,000 a month",20000,,Tamil Nadu
Billing Clerk,"Ganapathi, Coimbatore, Tamil Nadu","₹8,000 - ₹12,000 a month",10000,Ganapathi,Tamil Nadu
Brand Promoter,"Edapalli, Kerala","₹5,000 - ₹20,000 a month",12500,,Kerala
Vacancy for Fresher Graduate 8O13927285,"Maldah, West Bengal","₹15,000 - ₹20,000 a month",17500,,West Bengal
Diploma Trainee,"Hubli, Karnataka","₹16,000 - ₹20,000 a month",18000,,Karnataka
Data Entry (Work From Office - Female- Fresher),"Chennai, Tamil Nadu","₹10,000 - ₹15,000 a month",12500,,Tamil Nadu
Customer Success Associate,Remote,"₹15,000 a month",15000,Remote,Remote
Video Analyst Trainee - Fresher,"Bengaluru, Karnataka",Not specified,,,Karnataka
Officer - AO&CS,"Kochi, Kerala",Not specified,,,Kerala
HR Team,"Saravanampatti, Coimbatore, Tamil Nadu",Not specified,,Saravanampatti,Tamil Nadu
Quality Analyst Fresher,"Sanjeeva Reddy Nagar, Hyderabad, Telangana","₹18,000 - ₹25,000 a month",21500,Sanjeeva Reddy Nagar,Telangana
Facilitator,"Jaipur, Rajasthan",Not specified,,,Rajasthan
Analyst – Healthcare,"Bengaluru, Karnataka",Not specified,,,Karnataka
Application Developer,"Perungudi, Chennai, Tamil Nadu","From ₹18,870 a month",,Perungudi,Tamil Nadu
Ticketing Executive,"Nagpur, Maharashtra","₹8,000 - ₹20,000 a month",14000,,Maharashtra
Technical Analysts - Trainee,"Bandra, Mumbai, Maharashtra",Not specified,,Bandra,Maharashtra
Delivery Executive/Delivery Partner,Delhi,"₹18,000 - ₹35,000 a month",26500,Delhi,Delhi
Freshers/TraineesRegister,"Noida, Uttar Pradesh",Not specified,,,Uttar Pradesh
Video Editor,Remote,Not specified,,Remote,Remote
Fresher Data Entry Operator (DEO),"JNU New Campus, Delhi, Delhi","₹13,200 - ₹19,000 a month",16100,JNU New Campus,Delhi
Adonis Manufacturing Pvt Ltd ( Freshers Hiring Permanent ),"Sriperumpudur, Chennai, Tamil Nadu","₹15,000 - ₹20,000 a month",17500,Sriperumpudur,Tamil Nadu
Sales Executive,"Dehradun, Uttarakhand","From ₹8,086 a month",,,Uttarakhand
Billing Executive,"Gopichettipalaiyam, Tamil Nadu","₹12,000 - ₹15,000 a month",13500,,Tamil Nadu
Internal Stock Audit,"Vellore, Tamil Nadu",Not specified,,,Tamil Nadu
Trainee Mechanical,"Kochi, Kerala",Not specified,,,Kerala
Research Assistant,"Nagercoil, Tamil Nadu","₹1,44,000 - ₹1,80,000 a year",162000,,Tamil Nadu
Regional Language Content Writer (On-site Job),"Noida, Uttar Pradesh","₹18,000 - ₹25,000 a month",21500,,Uttar Pradesh
Hiring MBA Freshers,"Kochi, Kerala","₹5,000 - ₹18,000 a month",11500,,Kerala
Management Trainee,"Mumbai, Maharashtra","₹5,00,000 - ₹7,00,000 a year",600000,,Maharashtra
Manager Tumble Dry,"Ambattur, Chennai, Tamil Nadu","₹13,000 - ₹20,000 a month",16500,Ambattur,Tamil Nadu
Cloud Support Trainee,"Calicut, Kerala",Not specified,,,Kerala
Public Relations Coordinator,"Kochi, Kerala","₹20,000 - ₹50,000 a month",35000,,Kerala
Trainee - Digital,Remote,"Up to ₹15,000 a month",,Remote,Remote
Hindi Tele sale Voice Process. Jayanagar Bangalore- Only Fresher,"Jayanagar, Bengaluru, Karnataka","₹18,000 - ₹25,000 a month",21500,Jayanagar,Karnataka
Course Councillor fresher,"Kochi, Kerala",Not specified,,,Kerala
Data Entry Executive,Remote,"₹10,203.72 - ₹35,311.73 a month",22757.725,Remote,Remote
Fire Engineer (Fresher),"Kochi, Kerala","₹40,000 - ₹60,000 a month",50000,,Kerala
Management Trainee - Talent Acquisition,"Mumbai, Maharashtra",Not specified,,,Maharashtra
Hiring Freshers ! AR Trainee -RCM,"Kochi, Kerala","₹9,831.16 - ₹20,000.00 a month",14915.58,,Kerala
Data Research Trainee,"Pune, Maharashtra",Not specified,,,Maharashtra
Multimedia Educator fresher,Delhi,"₹2,00,000 - ₹3,00,000 a year",250000,Delhi,Delhi
RO/SRO/ABM – Business Operations,India,Not specified,,India,India
STATE BANK OF INDIA,"Puducherry, Puducherry","₹13,000 - ₹18,000 a month",15500,,Puducherry
Managers,"Kochi, Kerala","₹25,000 - ₹60,000 a month",42500,,Kerala
Fresher BE Graduates,"Vasco Da Gama, Goa",Not specified,,,Goa
Store Keeper,"Kochi, Kerala","₹15,000 - ₹17,000 a month",16000,,Kerala
Contract Data Analyst,"Navi Mumbai, Maharashtra",Not specified,,,Maharashtra
Trainee Engineers,"Bengaluru, Karnataka",Not specified,,,Karnataka
Research Associate - Freshers,"Banaswadi, Bengaluru, Karnataka",Not specified,,Banaswadi,Karnataka
Early Career Trainee,"Kochi, Kerala",Not specified,,,Kerala
Data Processor - Business Analytics,"Technopark, Thiruvananthapuram, Kerala","₹20,000 - ₹40,000 a month",30000,Technopark,Kerala
Territory Sales Officer (Pathanamthitta),"Pathanamthitta, Kerala","₹3,00,000 - ₹4,00,000 a year",350000,,Kerala
Cashiers,"Bengaluru, Karnataka",Not specified,,,Karnataka
voice process,Remote,Not specified,,Remote,Remote
Research Analyst,"Pune, Maharashtra",Not specified,,,Maharashtra
Content Trainee,Remote,Not specified,,Remote,Remote
Fresher-BCOM,"Delhi, Delhi","₹15,000 - ₹20,000 a month",17500,,Delhi
Trainee,"Jeedimetla, Hyderabad, Telangana",Not specified,,Jeedimetla,Telangana
Management Trainee (Marketing)- Only Male Candidates,"Pathanamthitta, Kerala","₹10,000 - ₹15,000 a month",12500,,Kerala
Fresher hiring for BDE role,"Chennai, Tamil Nadu","₹3,00,000 - ₹4,50,000 a year",375000,,Tamil Nadu
HR Trainee,"Edappal, Kerala","₹8,000 - ₹10,000 a month",9000,,Kerala
Student Counsellor,"Bengaluru, Karnataka","₹30,000 - ₹45,000 a month",37500,,Karnataka
Consultant -Campus Fresher 2023,"Hyderabad, Telangana",Not specified,,,Telangana
OFFICE EXECUTIVE,"Barddhaman, West Bengal","₹10,000 - ₹15,000 a month",12500,,West Bengal
Trainee Management Associate-Packing,"Mohali, Punjab",Not specified,,,Punjab
Trainee - Analyst,"Bengaluru, Karnataka",Not specified,,,Karnataka
Delivery Executive,"Nemmara, Kerala","₹12,500 - ₹25,000 a month",18750,,Kerala
HR Executive (Trainee),"Bengaluru, Karnataka",Not specified,,,Karnataka
Graduate Engineer Trainee (GET) Aeronautical / Aerospace,"Navi Mumbai, Maharashtra",Not specified,,,Maharashtra
State Bank Of India ( BRE Cards },"Partibanur, Tamil Nadu","₹15,000 - ₹19,000 a month",17000,,Tamil Nadu
Community Manager,"Noida, Uttar Pradesh","₹20,000 - ₹25,000 a month",22500,,Uttar Pradesh
Data Entry Officer,"Pimpri-Chinchwad, Maharashtra","₹10,162.39 - ₹35,027.08 a month",22594.735,,Maharashtra
Cyber Security Engineer,"Thiruvananthapuram, Kerala",Not specified,,,Kerala
Production Trainee,"Vadodara, Gujarat",Not specified,,,Gujarat
Production Coordinator,"Mundakayam, Kerala","Up to ₹15,000 a month",,,Kerala
System Engineer - Trainee,"Kizhake Chalakudi, Kerala",Not specified,,,Kerala
Trainee - Operations (IP Services),"Calicut, Kerala","₹1,80,000 - ₹2,50,000 a year",215000,,Kerala
Trainee Research Associate,"Noida, Uttar Pradesh",Not specified,,,Uttar Pradesh
Trainee Test Engineer,"Navi Mumbai, Maharashtra",Not specified,,,Maharashtra
Software Developers Trainee (.Net),Kerala,Not specified,,Kerala,Kerala
Business Development Executive (BDE),"Dwarka, Delhi, Delhi","From ₹30,000 a month",,Dwarka,Delhi
Medical Representatve for OPD Camps (Bengaluru),"Bengaluru, Karnataka","₹20,000 - ₹22,000 a month",21000,,Karnataka
Assistant Supervisor,"Kolkata, West Bengal","₹15,000 - ₹25,000 a month",20000,,West Bengal
PACKING STAFF,"Calicut, Kerala",From ₹35 an hour,,,Kerala
Accountant Trainee,"Thrissur, Kerala","₹14,000 - ₹16,000 a month",15000,,Kerala
Delivery executive,"Venjaramudu, Kerala","₹15,000 - ₹30,000 a month",22500,,Kerala
Category Head - Mobile,"Chinnamanur, Tamil Nadu","₹20,000 - ₹25,000 a month",22500,,Tamil Nadu
Hindi speaking Receptionist,"Anna Nagar Western Extn, Chennai, Tamil Nadu","₹10,000 - ₹20,000 a month",15000,Anna Nagar Western Extn,Tamil Nadu
Testing & Calibration Engg.,"Jaipur, Rajasthan",Not specified,,,Rajasthan
Game Tester,"Mira Road, Mumbai, Maharashtra","₹9,000 - ₹10,000 a month",9500,Mira Road,Maharashtra
Content Creator,Remote,"Up to ₹5,000 a month",,Remote,Remote
Technical Trainer,"Mohali, Punjab","₹40,000 - ₹1,20,000 a month",80000,,Punjab
Execuitve Assistant,"Bengaluru, Karnataka",Not specified,,,Karnataka
Bank Follow Up Officer (sme),"Kochi, Kerala","From ₹15,000 a month",,,Kerala
Computer Operator,"Morbi, Gujarat","₹10,000 - ₹30,000 a month",20000,,Gujarat
Management Trainee,"Mayur Vihar, Delhi, Delhi","₹2,50,000 a year",250000,Mayur Vihar,Delhi
Trainee Medical Writer,"Delhi, Delhi",Not specified,,,Delhi
Production Executive,"Palghat, Kerala",Not specified,,,Kerala
Graduate Engineer Trainee,"Bharuch, Gujarat",Not specified,,,Gujarat
HR Assistant,"Thrissur, Kerala","₹11,000 - ₹13,000 a month",12000,,Kerala
Fresher Engineer,"Jaipur, Rajasthan",Not specified,,,Rajasthan
Accountant (Tally),"Mysuru, Karnataka","₹15,000 - ₹30,000 a month",22500,,Karnataka
Answerclub Knowledge contributor,Remote,"₹1,200 - ₹5,000 a month",3100,Remote,Remote
Field Collection Executive,"Haripad, Kerala","₹12,000 - ₹30,000 a month",21000,,Kerala
Operational Specialist,"Calicut, Kerala",Not specified,,,Kerala
Graphic Designer & Video Editor,Remote,"₹5,000 - ₹10,000 a month",7500,Remote,Remote
Calibration Engineer(fresher),"Ambli, Ahmedabad, Gujarat","Up to ₹35,000 a month",,Ambli,Gujarat
Technical Support,"Kochi, Kerala",Not specified,,,Kerala
GRAPHIC DESIGNER,"Kollam, Kerala",Not specified,,,Kerala
Office Asistant,"Pollachi, Tamil Nadu","From ₹10,000 a month",,,Tamil Nadu
Officer - Security,"Kochi, Kerala",Not specified,,,Kerala
Collection Executive,"Muvattupuzha, Kerala","₹19,500 - ₹24,000 a month",21750,,Kerala
Trainee Engineer,"Rudarpur, Uttarakhand","₹20,000 - ₹30,000 a month",25000,,Uttarakhand
Development Organiser (Forestry),"Pimpalner, Maharashtra",Not specified,,,Maharashtra
Front Office Manager,"Pathanamthitta, Kerala","₹10,000 - ₹20,000 a month",15000,,Kerala
HR Trainee/Executive,"Calicut, Kerala",Not specified,,,Kerala
Data Digitization Executive,"Poojappura, Thiruvananthapuram, Kerala","Up to ₹12,000 a month",,Poojappura,Kerala
Trainee / Process Executive,"Salem, Tamil Nadu",Not specified,,,Tamil Nadu
Recruitment Trainee,India,Not specified,,India,India
Freshers Walk-In (Autocad),"Yelahanka, Bengaluru, Karnataka","₹15,000 - ₹20,000 a month",17500,Yelahanka,Karnataka
Business Development Executive - Fresher,"Madurai, Tamil Nadu",Not specified,,,Tamil Nadu
Business Development Associate,"Kochi, Kerala","₹20,000 - ₹45,000 a month",32500,,Kerala
HUMAN RESOURCES INTERNSHIP -FRESHER,"Chennai, Tamil Nadu",Not specified,,,Tamil Nadu
Engineer – Support/Operations (Trainee),"Bengaluru, Karnataka",Not specified,,,Karnataka
System Analyst,"Coimbatore, Tamil Nadu","₹8,000 - ₹12,000 a month",10000,,Tamil Nadu
Management Trainee - Recruitment,"Hyderabad, Telangana",Not specified,,,Telangana
Project Coordinator,"Mundakayam, Kerala","Up to ₹10,000 a month",,,Kerala
Trainee Intern's,"Hyderabad, Telangana",Not specified,,,Telangana
Internship to Job Program - JS Developer,"Delhi, Delhi","₹5,000 - ₹25,000 a month",15000,,Delhi
Cyber Security Trainer,"Laxmi Nagar, Delhi, Delhi","₹6,00,000 a year",600000,Laxmi Nagar,Delhi
Site Supervisor,"Kottayam, Kerala","₹10,000 - ₹15,000 a month",12500,,Kerala
Associate: Supply Chain Team,"Bengaluru, Karnataka","₹2,40,000 - ₹2,80,000 a year",260000,,Karnataka
Accountant,"Sangli, Maharashtra",Not specified,,,Maharashtra
Assistant/Associate /Professors,"Pollachi, Tamil Nadu","₹30,000 - ₹1,00,000 a month",65000,,Tamil Nadu
Branch Accountant,"Kochi, Kerala","₹12,000 - ₹18,000 a month",15000,,Kerala
Fresher - Business Analyst,"Hyderabad, Telangana",Not specified,,,Telangana
Field Officer,Arunachal Pradesh,Not specified,,Arunachal Pradesh,Arunachal Pradesh
Jewellery Sales Assistant,"Virudunagar, Tamil Nadu","From ₹15,000 a month",,,Tamil Nadu
Hotel Operations Manager,"Varkkallai, Kerala","₹15,000 - ₹20,000 a month",17500,,Kerala
Diploma Holders,"Bengaluru, Karnataka",Not specified,,,Karnataka
Video Editor,Remote,"₹5,000 - ₹20,000 a month",12500,Remote,Remote
DEVELOPMENT QUALITY ASSURANCE,"Chennai, Tamil Nadu",Not specified,,,Tamil Nadu
WANTED FRESHERS FOR OFFICE WORK,"Saravanampatti, Coimbatore, Tamil Nadu","₹13,500 - ₹16,500 a month",15000,Saravanampatti,Tamil Nadu
Electrical Technician,"Sion, Mumbai, Maharashtra","₹15,000 - ₹25,000 a month",20000,Sion,Maharashtra
Asst. Purchase Manager,"Calicut, Kerala","₹15,000 - ₹25,000 a month",20000,,Kerala
Administration / Office Admin,"Laxmi Nagar, Delhi, Delhi",Not specified,,Laxmi Nagar,Delhi
Process Associate,"Coimbatore, Tamil Nadu",Not specified,,,Tamil Nadu
Stevedore (24*7),"Tuticorin, Tamil Nadu","₹10,000 - ₹15,000 a month",12500,,Tamil Nadu
Digital Marketing Intern,Remote,"₹7,000 - ₹10,000 a month",8500,Remote,Remote
System Officer,"Chengannur, Kerala","₹13,000 - ₹15,000 a month",14000,,Kerala
Management Trainee,"Calicut, Kerala",Not specified,,,Kerala
LaTeX Research Documents Editor,"Cannanore, Kerala","₹15,000 - ₹20,000 a month",17500,,Kerala
Office Executive Fresher,"Mayur Vihar, Delhi, Delhi","₹16,500 - ₹22,500 a month",19500,Mayur Vihar,Delhi
Knitting Specialist,"Palsana, Surat, Gujarat","₹30,000 - ₹40,000 a month",35000,Palsana,Gujarat
Tele Caller (English - WFH),Remote,"₹8,086.00 - ₹29,639.40 a month",18862.7,Remote,Remote
Junior Process Associate (Voice Process),"Coimbatore, Tamil Nadu","Up to ₹18,000 a month",,,Tamil Nadu
Accountant,"Devanhalli, Karnataka","₹12,000 - ₹15,000 a month",13500,,Karnataka
fb poster designer,Remote,₹180 a day,180,Remote,Remote
Manual Tester,"Pallavaram, Chennai, Tamil Nadu","₹16,000 - ₹34,000 a month",25000,Pallavaram,Tamil Nadu
Video Editor,Remote,"₹20,000 - ₹30,000 a month",25000,Remote,Remote
Operator Trainee(Fresher),"Kangayam, Tamil Nadu","₹10,000 - ₹12,000 a month",11000,,Tamil Nadu
Supervisor,Remote,"From ₹15,000 a month",,Remote,Remote
Dog Walker,"Saket, Delhi, Delhi","₹11,000 - ₹18,000 a month",14500,Saket,Delhi
Wedding Album Designers in Trivandrum,"Kariavattom, Thiruvananthapuram, Kerala","₹5,000 - ₹25,000 a month",15000,Kariavattom,Kerala
BE/ ME Freshers,"Nagercoil, Tamil Nadu","₹10,000 - ₹16,000 a month",13000,,Tamil Nadu
Research Analyst,Delhi,Not specified,,Delhi,Delhi
"Jio point manager in uluthurpet,madapattu, Kandachipuram, Vikravandi, Valavanur, Villupuram","Villupuram, Tamil Nadu","₹22,000 a month",22000,,Tamil Nadu
Academic Consultant,"Kochi, Kerala","₹12,000 - ₹20,000 a month",16000,,Kerala
Front Office Staff,"Bhopal, Madhya Pradesh",Not specified,,,Madhya Pradesh
Programming Assistants,"Cannanore, Kerala",Not specified,,,Kerala
Delivery Executive/Delivery Partner,"Dehradun, Uttarakhand","₹18,000 - ₹35,000 a month",26500,,Uttarakhand
Video Editor,Remote,"₹3,000 - ₹4,000 a month",3500,Remote,Remote
Delivery Assistant,"Gulbarga, Karnataka","₹12,847 a month",12847,,Karnataka
HR Intern,Remote,"₹10,000 - ₹15,000 a month",12500,Remote,Remote
Trainee - Analyst Investigation,"Bengaluru, Karnataka",Not specified,,,Karnataka
Document Verification Executive Fresher,"Ghitorni, Delhi, Delhi","₹14,500 a month",14500,Ghitorni,Delhi
Back Office Executive,"Pimpri-Chinchwad, Maharashtra","₹25,000 - ₹28,000 a month",26500,,Maharashtra
Fresh Graduate,"Noida, Uttar Pradesh","₹15,000 - ₹25,000 a month",20000,,Uttar Pradesh
OT Assistant,"Tiruppur, Tamil Nadu","₹15,000 - ₹20,000 a month",17500,,Tamil Nadu
Pizza hut- Team Member,"Pattom, Thiruvananthapuram, Kerala","Up to ₹10,500 a month",,Pattom,Kerala
Graphic Designer - Amazon Products Lifestyle & Infographics,"Thiruvananthapuram, Kerala","₹15,000 - ₹20,000 a month",17500,,Kerala
Dues Coordinator intern,"Chennai, Tamil Nadu","₹10,000 - ₹15,000 a month",12500,,Tamil Nadu
Google Ads Executive(fresher/experience),"Ambli, Ahmedabad, Gujarat","Up to ₹55,000 a month",,Ambli,Gujarat
Medical Scribe Trainee,Remote,"₹35,000 a month",35000,Remote,Remote
Hardware trainee - Female Candidates only,"Erode, Tamil Nadu","From ₹8,000 a month",,,Tamil Nadu
Trainee - Human Resource,"Rajarajeshwari Nagar, Bengaluru, Karnataka","From ₹25,000 a month",,Rajarajeshwari Nagar,Karnataka
Checker and surveyor,"Mundra Bandar, Gujarat",Not specified,,,Gujarat
Cinematography,"Koramangala VI Bk, Bengaluru, Karnataka","₹3,19,486.86 - ₹15,60,207.49 a year",939847.175,Koramangala VI Bk,Karnataka
Programmers,"Bengaluru, Karnataka","₹15,000 - ₹25,000 a month",20000,,Karnataka
Digital Marketing Fresher,"Kochi, Kerala","₹3,000 - ₹6,000 a month",4500,,Kerala
Financial Analyst,Delhi,Not specified,,Delhi,Delhi
Sales Supervisor,"Thrissur, Kerala","₹18,000 - ₹21,000 a month",19500,,Kerala
QC Officer,"Kala Amb, Himachal Pradesh","Up to ₹30,000 a month",,,Himachal Pradesh
Trainee Administrator,"Jaisalmer, Rajasthan",Not specified,,,Rajasthan
Soil and Rock testing assistant,"Ghaziabad, Uttar Pradesh","From ₹15,000 a month",,,Uttar Pradesh
Office Associate,"Amravati, Maharashtra","₹11,000 - ₹18,000 a month",14500,,Maharashtra
Customer Care Executive (Preferred Hindi Speaking),Telangana,Not specified,,Telangana,Telangana
Chartered Accountant/Semi Qualified / ICWA(CMA)/CS,"Ram Nagar, Nagpur, Maharashtra","₹4,00,000 - ₹8,00,000 a year",600000,Ram Nagar,Maharashtra
Network and hardware trainee,"Bommasandra Industrial Estate, Bengaluru, Karnataka","₹3,50,000 a year",350000,Bommasandra Industrial Estate,Karnataka
CS Trainee,"Pune, Maharashtra",Not specified,,,Maharashtra
Call Coordinator,"Bengaluru, Karnataka","₹3,00,000 a year",300000,,Karnataka
Worked as teacher,"Pratap Nagar, Jaipur, Rajasthan","₹15,000 - ₹30,000 a month",22500,Pratap Nagar,Rajasthan
Wanted Delivery Executive Boys / Girls,"Mavelikara, Kerala","₹15,000 - ₹35,000 a month",25000,,Kerala
Software Trainee / Intern,"Bhilwara, Rajasthan",Not specified,,,Rajasthan
Team Member (QSR),"Bengaluru, Karnataka","₹14,000 - ₹15,000 a month",14500,,Karnataka
Receptionist & telecaller,"Pattom, Thiruvananthapuram, Kerala","₹12,000 - ₹15,000 a month",13500,Pattom,Kerala
Content Creator,"Andheri West, Mumbai, Maharashtra","₹50,000 - ₹75,000 a month",62500,Andheri West,Maharashtra
Department Supervisor,"Salem, Tamil Nadu","₹18,000 - ₹25,000 a month",21500,,Tamil Nadu
Team Leader - Operations,"Pimpri-Chinchwad, Maharashtra","₹2,51,888.70 - ₹10,98,536.95 a year",675212.825,,Maharashtra
TRAINEE MUD LOGGER,"Mumbai, Maharashtra",Not specified,,,Maharashtra
Corporate Relationship Manager,"Delhi, Delhi","₹20,000 - ₹50,000 a month",35000,,Delhi
Female Visa Filing Officer,"Chandigarh, Chandigarh","From ₹15,000 a month",,,Chandigarh
WEB DEVELOPERS,"Hubli, Karnataka",Not specified,,,Karnataka
Receptionist,"Kanpur, Uttar Pradesh","₹1,20,000 - ₹2,50,000 a year",185000,,Uttar Pradesh
TRAINEE DEVELOPER,"Jaipur, Rajasthan",Not specified,,,Rajasthan
Telecalling executive,"Tiruchchirappalli, Tamil Nadu",Not specified,,,Tamil Nadu
E-Commerce Manager,"Tiruppur, Tamil Nadu","₹10,392.40 - ₹37,891.97 a month",24142.185,,Tamil Nadu
Residential Tutor,"Palghat, Kerala","₹15,784.80 - ₹25,655.16 a month",20719.98,,Kerala
Team Member,"Kolkata, West Bengal","₹8,460.63 - ₹21,434.27 a month",14947.45,,West Bengal
CRE and Agency leader,"Tiruppur, Tamil Nadu","Up to ₹5,50,000 a year",,,Tamil Nadu
Service Advisor,"Tirur, Kerala","₹15,000 - ₹20,000 a month",17500,,Kerala
Data Validation Associate - Night Shift,Remote,"₹10,000 - ₹15,000 a month",12500,Remote,Remote
Content writer Intern,Remote,Not specified,,Remote,Remote
Education Counsellor,"Sai Baba Colony, Coimbatore, Tamil Nadu","₹20,000 - ₹40,000 a month",30000,Sai Baba Colony,Tamil Nadu
Assistant Supervisor,"Greater Noida, Uttar Pradesh","₹15,000 - ₹20,000 a month",17500,,Uttar Pradesh
Logistics Trainee,"Kochi, Kerala","₹12,000 - ₹14,000 a month",13000,,Kerala
Digital Marketing Internship,"Thiruvananthapuram, Kerala","From ₹8,000 a month",,,Kerala
Data Entry Operator - Production,"Silvassa, Dadra and Nagar Haveli","₹15,000 - ₹20,000 a month",17500,,Dadra and Nagar Haveli
Assistant Supervisor,Remote,"₹15,000 - ₹20,000 a month",17500,Remote,Remote
DATA PROCESSING,"Shastripuram, Agra, Uttar Pradesh","From ₹10,000 a month",,Shastripuram,Uttar Pradesh
Intern - Computer Vision / Deep Learning,Remote,"₹60,000 - ₹1,20,000 a year",90000,Remote,Remote
Business Development Executive,Remote,"₹8,000 - ₹10,000 a month",9000,Remote,Remote
Billing Associate,"Bengaluru, Karnataka",Not specified,,,Karnataka
Team Member,"Kazhakuttam, Kerala","₹10,000 - ₹18,000 a month",14000,,Kerala
Business Development Associate,"Goregaon, Mumbai, Maharashtra","₹25,000 - ₹30,000 a month",27500,Goregaon,Maharashtra
Accountant Trainee,"Kochi, Kerala","₹15,000 - ₹30,000 a month",22500,,Kerala
Brand Face,"Gurugram, Haryana","₹10,000 - ₹30,000 a month",20000,,Haryana
Content Writing Intern,"Ernakulam District, Kerala",Not specified,,,Kerala
Passenger Services Supervisor,"Bhubaneswar, Orissa","₹19,367.31 - ₹32,480.22 a month",25923.765,,Orissa
Fresher 2023 | Business Analyst,"Chennai, Tamil Nadu",Not specified,,,Tamil Nadu
Video Editor,Remote,"₹8,000 - ₹12,000 a month",10000,Remote,Remote
Physiotherapist,"Mumbai, Maharashtra","₹12,604.66 - ₹40,233.68 a month",26419.17,,Maharashtra
Online Mathematics Teacher,"Bengaluru, Karnataka",₹200 - ₹500 an hour,,,Karnataka
Freelance Content Writer,Remote,"From ₹9,000 a month",,Remote,Remote
Trainee Auditor,"Mangalore, Karnataka","₹16,500 - ₹20,000 a month",18250,,Karnataka
International Non Voice Process,"Bengaluru, Karnataka",Not specified,,,Karnataka
PROBATIONARY OFFICER,"Coimbatore, Tamil Nadu","From ₹18,000 a month",,,Tamil Nadu
bell Boy/Girl,"Kodaikanal, Tamil Nadu","From ₹13,000 a month",,,Tamil Nadu
Game Designer - Intern,"Pune, Maharashtra",Not specified,,,Maharashtra
Business Analyst with an Experienced and Freshers also,Puducherry,Not specified,,Puducherry,Puducherry
Exam Invigilator,"Tirupati, Andhra Pradesh","₹10,000 - ₹18,000 a month",14000,,Andhra Pradesh
HR Recruiter,Remote,"₹12,000 - ₹15,000 a month",13500,Remote,Remote
Digital Marketing Executives (Freshers),"Calicut, Kerala",Not specified,,,Kerala
Warehouse Executive,"Manali, Chennai, Tamil Nadu","₹12,000 - ₹20,000 a month",16000,Manali,Tamil Nadu
Billing Executive,"Nilambur, Kerala","₹9,000 - ₹14,000 a month",11500,,Kerala
Private Tutor,"Bengaluru, Karnataka","₹15,000 - ₹45,000 a month",30000,,Karnataka
Customer Care Executive - Hindi Must,"Chennai, Tamil Nadu","From ₹15,000 a month",,,Tamil Nadu
EDUCATION COUNSELLOR,"Thrissur, Kerala","₹15,000 - ₹25,000 a month",20000,,Kerala
Fashion Designer,"Kolkata, West Bengal",Not specified,,,West Bengal
Computer operator,"Barmer, Rajasthan",Not specified,,,Rajasthan
Trainee,Remote,"₹10,000 - ₹12,000 a month",11000,Remote,Remote
Warehouse Associate,"Kochi, Kerala","₹14,000 - ₹14,787 a month",14393.5,,Kerala
Accademic Counsellor,"Thrissur, Kerala","₹12,000 - ₹20,000 a month",16000,,Kerala
Medical Coder Trainee,"Thiruvananthapuram, Kerala","₹15,000 - ₹25,000 a month",20000,,Kerala
Fresh Graduate,"Talegaon Dabhade, Pune, Maharashtra","₹17,500 - ₹21,000 a month",19250,Talegaon Dabhade,Maharashtra
Management Trainee,"Janakpuri, Delhi, Delhi","₹18,000 - ₹25,000 a month",21500,Janakpuri,Delhi
Front Office,"Kochi, Kerala","₹20,000 - ₹25,000 a month",22500,,Kerala
Customer Service Executive,"Dharmsala, Himachal Pradesh","₹10,000 - ₹12,000 a month",11000,,Himachal Pradesh
Delivery Drivers / Delivery Executives / Delivery Boys / Freshers,"Ahmedabad, Gujarat","Up to ₹30,000 a month",,,Gujarat
Pizza hut- Team Member,"Aluva, Kerala","Up to ₹10,500 a month",,,Kerala
Trainee Associate,"Karimnagar, Telangana","₹12,000 - ₹17,000 a month",14500,,Telangana
Data Entry Executive (delhi only),"Delhi, Delhi","Up to ₹12,500 a month",,,Delhi
Trainee Architect,"Delhi, Delhi","₹15,039.68 - ₹67,972.53 a month",41506.105,,Delhi
Delivery Partner/Delivery Executive,"Goa, Goa","₹25,000 - ₹40,000 a month",32500,,Goa
Research Trainee,"Mumbai, Maharashtra","₹20,000 - ₹25,000 a month",22500,,Maharashtra
"Graphic Designer (Vesu, Surat)","Athwa, Surat, Gujarat","₹1,75,000 - ₹2,50,000 a year",212500,Athwa,Gujarat
Fresher required (operations),"Noida, Uttar Pradesh","₹15,000 - ₹20,000 a month",17500,,Uttar Pradesh
"High School Teacher, IT","Himayatnagar, Hyderabad, Telangana","From ₹15,000 a month",,Himayatnagar,Telangana
Trainee Digital Marketer,Kerala,"₹5,000 - ₹7,000 a month",6000,Kerala,Kerala
Video Editor,"Kochi, Kerala","₹15,000 - ₹20,000 a month",17500,,Kerala
Wardens,"Bengaluru, Karnataka",Not specified,,,Karnataka
Sand plant operator(Fresher also can apply)Location- Howrah,"Howrah, West Bengal","₹15,000 - ₹17,000 a month",16000,,West Bengal
Recruiter (0-2 YEARS),Remote,Not specified,,Remote,Remote
DSMH-HIRING-,India,"₹2,56,870 - ₹2,56,874 a year",256872,India,India
Option Trader,"Mumbai, Maharashtra",Not specified,,,Maharashtra
Trainee IPQA,"Baddi, Himachal Pradesh","₹1,00,000 - ₹2,00,000 a year",150000,,Himachal Pradesh
Trainee Auditor,"Mangalore, Karnataka","₹16,500 - ₹20,000 a month",18250,,Karnataka
QC (Apparel/Garment),"Tiruppur, Tamil Nadu","₹12,000 - ₹18,000 a month",15000,,Tamil Nadu
Cashier,"Kazhakoottam, Thiruvananthapuram, Kerala","₹9,000 - ₹15,000 a month",12000,Kazhakoottam,Kerala
Business Development Associate,"Pune, Maharashtra","₹20,585.48 - ₹39,150.69 a month",29868.085,,Maharashtra
Business Associate,"Sahibganj, Jharkhand","From ₹22,000 a month",,,Jharkhand
HR Intern,Remote,"₹3,000 - ₹6,000 a month",4500,Remote,Remote
MEDICAL REPRESENTATIVE,"Kochi, Kerala","From ₹20,00,000 a year",,,Kerala
Content Strategist & Writer,Remote,₹60 an hour,,Remote,Remote
Fresher-Bcom,"Delhi, Delhi","₹15,000 - ₹20,000 a month",17500,,Delhi
Manager - Activation,"Tezpur, Assam",Not specified,,,Assam
Business Analyst Fresher,"Goregaon, Mumbai, Maharashtra","₹1,80,000 a year",180000,Goregaon,Maharashtra
Non Voice Chat Process,"Badli, Delhi, Delhi","₹14,500 - ₹19,500 a month",17000,Badli,Delhi
General engineer trainee,"Erode, Tamil Nadu","₹15,000 - ₹22,000 a month",18500,,Tamil Nadu
Physiotherapy Germany,"Greater Noida, Uttar Pradesh","₹2,00,000 - ₹2,50,000 a month",225000,,Uttar Pradesh
Fresher Front End Developer,"Indore, Madhya Pradesh",Not specified,,,Madhya Pradesh
Facilitator,"Ashoknagar, Madhya Pradesh","From ₹12,000 a month",,,Madhya Pradesh
FRESHERS – TELECALLERS,"Hyderabad, Telangana",Not specified,,,Telangana
Office Assistant,"Habra, West Bengal","₹7,000 - ₹8,000 a month",7500,,West Bengal
PSM,"Jaipur, Rajasthan",Not specified,,,Rajasthan
Management Trainee,"Delhi, Delhi","₹23,082 - ₹60,000 a month",41541,,Delhi
Trainee Store,"Vypin, Kerala","From ₹10,000 a month",,,Kerala
QC- Jr. Officer,"Pune, Maharashtra",Not specified,,,Maharashtra
Website Designer & Developer,"Namakkal, Tamil Nadu","₹1,20,000 - ₹6,00,000 a year",360000,,Tamil Nadu
Store In-charge,"Runkata, Agra, Uttar Pradesh","From ₹13,000 a month",,Runkata,Uttar Pradesh
fresher's PUC and Graduates,"Bengaluru, Karnataka",Not specified,,,Karnataka
PHP Trainee/ Fresher,"Jaipur, Rajasthan",Not specified,,,Rajasthan
SEO Fresher/Trainee,"Faridabad, Haryana",Not specified,,,Haryana
Operations executive,"Domlur, Bengaluru, Karnataka","₹22,000 - ₹26,000 a month",24000,Domlur,Karnataka
Intern - Software Development [Fresher],"Bengaluru, Karnataka",Not specified,,,Karnataka
Trainee Web Developer,"Coimbatore, Tamil Nadu",Not specified,,,Tamil Nadu
Business Development,"Thane, Maharashtra","₹11,957.98 - ₹52,489.13 a month",32223.555,,Maharashtra
Trainee - Quality,"Delhi, Delhi","₹17,000 - ₹35,000 a month",26000,,Delhi
Modelling,"Mumbai, Maharashtra","₹30,000 - ₹45,000 a month",37500,,Maharashtra
HR Intern,Remote,"₹6,086 - ₹20,000 a month",13043,Remote,Remote
Computer Hardware & Networking Engineer,"Kochi, Kerala","₹5,000 - ₹6,500 a month",5750,,Kerala
Technical Marketing,"Bengaluru, Karnataka","₹4,50,000 a year",450000,,Karnataka
Industrial Trainee - Coffee,"Kushalnagar, Karnataka",Not specified,,,Karnataka
"Data Entry (Fresher), Tiruppur","Tiruppur, Tamil Nadu","₹11,000 - ₹13,000 a month",12000,,Tamil Nadu
Staff Trainee,"Amroha, Uttar Pradesh","₹1,25,000 - ₹2,00,000 a year",162500,,Uttar Pradesh
Video Editor in Coimbatore,"Coimbatore, Tamil Nadu","₹8,000 - ₹20,000 a month",14000,,Tamil Nadu
Unit Coordinator,"Yadgir, Karnataka","Up to ₹20,000 a month",,,Karnataka
Web Developer Trainees (Freshers),"Calicut, Kerala",Not specified,,,Kerala
Office Assistant,"Kochi, Kerala","₹8,086 - ₹12,000 a month",10043,,Kerala
Software Trainee,"Thiruvananthapuram, Kerala",Not specified,,,Kerala
Trainee Executive,"Bengaluru, Karnataka",Not specified,,,Karnataka
Business Development Associate,"Coimbatore, Tamil Nadu","₹15,000 - ₹40,000 a month",27500,,Tamil Nadu
Looking for Course Counsellors/Tele callers on Commission Basis,"Kayankulam, Kerala","₹20,000 - ₹80,000 a month",50000,,Kerala
Software Trainee,"Thiruvananthapuram District, Kerala","₹5,000 - ₹8,000 a month",6500,,Kerala
Trainee,"Perungudi, Chennai, Tamil Nadu","₹15,000 - ₹18,000 a month",16500,Perungudi,Tamil Nadu
Opening for Delivery Partner,"Kottayam, Kerala","From ₹20,086 a month",,,Kerala
Trainee,"Coimbatore, Tamil Nadu",Not specified,,,Tamil Nadu
Service Engineer(Trainee),"Gurugram, Haryana",Not specified,,,Haryana
Business Development Associate,Remote,"₹10,813.14 - ₹39,892.82 a month",25352.98,Remote,Remote
Accounting Faculty,"Tiruvalla, Kerala","₹10,000 - ₹13,000 a month",11500,,Kerala
Production Co-ordinator,"Mumbai, Maharashtra","₹8,000 - ₹25,000 a month",16500,,Maharashtra
Female Allocation Executive,"Kochi, Kerala","₹20,000 - ₹23,000 a month",21500,,Kerala
Delivery Executive/Delivery Partner,"Gurugram, Haryana","₹18,000 - ₹35,000 a month",26500,,Haryana
Electrical Assembler,"Coimbatore, Tamil Nadu","₹20,000 a month",20000,,Tamil Nadu
Architect,"Ahmedabad, Gujarat","₹18,000 - ₹35,000 a month",26500,,Gujarat
Sales Officer (SO),"Alleppey, Kerala","₹18,000 - ₹22,000 a month",20000,,Kerala
Project Assistant,"Attur, Tamil Nadu","₹12,937.04 - ₹15,000.00 a month",13968.52,,Tamil Nadu
Content Writer-Remote,"Calicut, Kerala","₹2,00,000 - ₹3,00,000 a year",250000,,Kerala
Customer Relationship Executive - B2B,"Thiruvananthapuram, Kerala","₹14,000 - ₹20,000 a month",17000,,Kerala
Office Assistant,"Kochi, Kerala","₹8,086.00 - ₹22,552.53 a month",15319.265,,Kerala
Air Conditioning Technician,"Ambawadi, Ahmedabad, Gujarat","Up to ₹50,000 a month",,Ambawadi,Gujarat
FRESHER graduate (Any Field),"Jagnath Plot, Rajkot, Gujarat","₹1,20,000 - ₹3,50,000 a year",235000,Jagnath Plot,Gujarat
Purchase Assistant,"Tiruppur, Tamil Nadu","₹13,000 a month",13000,,Tamil Nadu
Badminton Coach,"Bengaluru, Karnataka","From ₹20,000 a month",,,Karnataka
Badminton Coach,"Bengaluru, Karnataka","From ₹20,000 a month",,,Karnataka
AutoCAD Draftsman,"Gundavali, Mumbai, Maharashtra","₹10,000 - ₹20,000 a month",15000,Gundavali,Maharashtra
"Staff Nurse,ANM, GNM,","Chennai, Tamil Nadu","₹10,000 - ₹15,000 a month",12500,,Tamil Nadu
WANTED B.E CIVIL CANDIDATES WITH CAD KNOWLEDGE,"Simmakkal, Madurai, Tamil Nadu","₹12,000 - ₹22,000 a month",17000,Simmakkal,Tamil Nadu
Digital Marketing Specialist,"Chandigarh, Chandigarh","₹1,80,000 - ₹3,00,000 a year",240000,,Chandigarh
Spot Offer for Customer Support Executive,"Teynampet, Chennai, Tamil Nadu","₹11,000 - ₹17,000 a month",14000,Teynampet,Tamil Nadu
Associate Sales Manager,"Vashi, Navi Mumbai, Maharashtra","From ₹20,000 a month",,Vashi,Maharashtra
Assembly Line Operator,"Chennai, Tamil Nadu","₹13,000 - ₹15,000 a month",14000,,Tamil Nadu
Field Marketing Executive,"Egmore, Chennai, Tamil Nadu","₹9,838.25 - ₹27,777.89 a month",18808.07,Egmore,Tamil Nadu
Receptionist (Female),"Navlakha, Indore, Madhya Pradesh","₹10,000 - ₹12,000 a month",11000,Navlakha,Madhya Pradesh
Doctor,"Bellary, Karnataka","₹20,000 - ₹25,000 a month",22500,,Karnataka
Delivery Drivers / Delivery Executives / Delivery Boys / Freshers,"Chandigarh, Chandigarh","Up to ₹30,000 a month",,,Chandigarh
Staff Nurse- Female,"Chennai, Tamil Nadu","₹15,000 - ₹20,000 a month",17500,,Tamil Nadu
Business Development Executive (BDE),"Kochi, Kerala","₹13,000 - ₹15,000 a month",14000,,Kerala
Customer Service Representative,"Indore, Madhya Pradesh","₹10,000 - ₹15,000 a month",12500,,Madhya Pradesh
Staff Nurse,"Kottayam, Kerala","From ₹20,000 a month",,,Kerala
Female Customer Care Executive (Surat),"Surat, Gujarat","₹10,000 - ₹16,000 a month",13000,,Gujarat
Sales Representative,"Uppal Kalan, Hyderabad, Telangana","₹10,000 - ₹15,000 a month",12500,Uppal Kalan,Telangana
Travel Consultant (FEMALE ONLY),"Jetalpur, Vadodara, Gujarat","₹15,000 - ₹25,000 a month",20000,Jetalpur,Gujarat
Digital Marketing Executive,"Zirakpur, Punjab","₹6,000 - ₹8,000 a month",7000,,Punjab
Lead Generation Specialist,"Bengaluru, Karnataka","₹2,40,000 - ₹3,20,000 a year",280000,,Karnataka
Assembly Technician cum Winding Technician,"Karur, Tamil Nadu","₹12,000 - ₹15,000 a month",13500,,Tamil Nadu
Business Development Associate,"Chinchwad, Pune, Maharashtra","From ₹15,000 a month",,Chinchwad,Maharashtra
డెలివరీ ఎగ్జిక్యూటివ్ / డెలివరీ భాగస్వామి,"Hyderabad, Telangana","₹18,000 - ₹35,000 a month",26500,,Telangana
Urgent Requirements of CHEMISTRY Teacher for NEET & JEE Main level,"Pune, Maharashtra","₹3,60,000 - ₹6,00,000 a year",480000,,Maharashtra
Digital Marketing Specialist,"Gurugram, Haryana","₹20,000 - ₹30,000 a month",25000,,Haryana
Field Executive,"Ahmedabad, Gujarat","₹10,000 - ₹12,000 a month",11000,,Gujarat
Telecaller Executive,"Gurugram, Haryana","₹8,000 - ₹15,000 a month",11500,,Haryana
Bussiness Development Executive,"Ashok Nagar, Ranchi, Jharkhand","₹8,000 - ₹15,000 a month",11500,Ashok Nagar,Jharkhand
Inbound Banking Hindi Voice Process,"Teynampet, Chennai, Tamil Nadu","₹14,000 - ₹16,000 a month",15000,Teynampet,Tamil Nadu
Consultant Doctor,"Salem, Tamil Nadu","₹20,000 - ₹25,000 a month",22500,,Tamil Nadu
Architectural Draftsperson,"Nikol, Ahmedabad, Gujarat","₹8,000 - ₹25,000 a month",16500,Nikol,Gujarat
Sales and Customer Service Executive,"Nungambakkam High Road, Chennai, Tamil Nadu","₹18,000 - ₹22,000 a month",20000,Nungambakkam High Road,Tamil Nadu
Fashion Designer(Female) as a FASHION CONSULTANT for a Retail Store,"R.S.Puram West, Tamil Nadu","From ₹12,000 a month",,,Tamil Nadu
Aesthetic Surgeon,"T Nagar, Chennai, Tamil Nadu","₹45,000 - ₹50,000 a month",47500,T Nagar,Tamil Nadu
Robotics / STEM Trainer,"Jaipur, Rajasthan","₹1,80,000 - ₹4,80,000 a year",330000,,Rajasthan
Diploma Mechanical Engineer - Design Engineer Trainee,"Coimbatore, Tamil Nadu","₹13,000 - ₹15,000 a month",14000,,Tamil Nadu
Business Development Executive (BDE),"Bopal, Ahmedabad, Gujarat","₹15,000 - ₹35,000 a month",25000,Bopal,Gujarat
Admission Counselor/ Telecaler Executive,"Chandigarh, Chandigarh","From ₹15,000 a month",,,Chandigarh
Sales Staff,"Chennai, Tamil Nadu","₹15,000 - ₹16,000 a month",15500,,Tamil Nadu
STUDY ABROAD Admission Process Associate,"Kochi, Kerala","₹8,000 - ₹15,000 a month",11500,,Kerala
Production Supervisor,"Rajkot, Gujarat","From ₹10,000 a month",,,Gujarat
Delivery Partner/Delivery Executive,"Bhubaneswar, Orissa","₹25,000 - ₹40,000 a month",32500,,Orissa
Software Sales Executive,"Calicut, Kerala","₹8,587.91 - ₹33,638.68 a month",21113.295,,Kerala
Tele Caller Executive,"New Alipur, Kolkata, West Bengal","₹8,000 - ₹12,500 a month",10250,New Alipur,West Bengal
Need STUDY/TOURIST visa Councellor,"Ghumar Mandi, Ludhiana, Punjab","From ₹25,000 a month",,Ghumar Mandi,Punjab
Tele Calling Executive,"Ashoknagar, Bengaluru, Karnataka","₹15,000 - ₹20,000 a month",17500,Ashoknagar,Karnataka
Territory Sales Officer,"Athgaon, Guwahati, Assam","₹15,000 - ₹21,000 a month",18000,Athgaon,Assam
Draughtsman Mechanical,"Talawade, Pune, Maharashtra","₹10,000 - ₹18,000 a month",14000,Talawade,Maharashtra
Business Development Executive,"Vadodara, Gujarat","₹10,000 - ₹36,000 a month",23000,,Gujarat
Restaurant Staff,"Vizhinjam, Thiruvananthapuram, Kerala","₹15,000 - ₹40,000 a month",27500,Vizhinjam,Kerala
Aesthetic Surgeon,"Visakhapatnam, Andhra Pradesh","₹45,000 - ₹50,000 a month",47500,,Andhra Pradesh
JUNIOR ARCHITECT,"Salt Lake City, West Bengal","₹15,000 - ₹25,000 a month",20000,,West Bengal
Delivery Partner/Delivery Executive,"Kolkata, West Bengal","₹15,000 - ₹35,000 a month",25000,,West Bengal
Interior Designer,"Mumbai, Maharashtra","₹1,80,000 - ₹3,00,000 a year",240000,,Maharashtra
"Inside Sales Account Manager - - Preferred from Hyderabad, TS","Hyderabad, Telangana","₹2,00,000 - ₹3,00,000 a year",250000,,Telangana
Community Associate (Social Worker),"Kochi, Kerala","₹12,000 - ₹25,000 a month",18500,,Kerala
Tele Marketing Executive,"Anna Nagar East, Chennai, Tamil Nadu","₹15,000 - ₹20,000 a month",17500,Anna Nagar East,Tamil Nadu
Customer Relationship Executive (for Rajkot candidate only),"Rajkot, Gujarat","₹10,000 - ₹25,000 a month",17500,,Gujarat
Business Development Officer,"Bengaluru, Karnataka","₹11,025.27 - ₹30,000.00 a month",20512.635,,Karnataka
Delivery Executive/Delivery Partner,"Noida, Uttar Pradesh","₹18,000 - ₹35,000 a month",26500,,Uttar Pradesh
Staff Nurse (Dermatology; Nungambakkam Chennai),"Nungambakkam, Chennai, Tamil Nadu","₹14,000 - ₹30,000 a month",22000,Nungambakkam,Tamil Nadu
Junior Landscape Architect,"Bengaluru, Karnataka","From ₹18,000 a month",,,Karnataka
Stock Market Trader,"Gurugram, Haryana","₹50,000 - ₹2,00,000 a year",125000,,Haryana
Sales executive-(MBA Freshers),"Kochi, Kerala","₹15,000 - ₹20,000 a month",17500,,Kerala
Sales Executive / Sales Manager - Real Estate,"Kochi, Kerala","₹20,000 - ₹30,000 a month",25000,,Kerala
Junior Sales and Marketing Executive (Healthcare),"Pune, Maharashtra","₹15,000 - ₹20,000 a month",17500,,Maharashtra
Hairdresser,"Rajarajeshwari Nagar, Bengaluru, Karnataka","₹18,000 - ₹22,000 a month",20000,Rajarajeshwari Nagar,Karnataka
Commis Chef,"Andheri West, Mumbai, Maharashtra","₹9,686.71 - ₹23,431.79 a month",16559.25,Andheri West,Maharashtra
Inside Sales Executive,"Vastrapur, Ahmedabad, Gujarat","₹15,000 - ₹25,000 a month",20000,Vastrapur,Gujarat
Site Engineer,"Nandanam, Chennai, Tamil Nadu","From ₹15,000 a month",,Nandanam,Tamil Nadu
Sales & Marketing Assistant manager,"Surat, Gujarat","₹18,000 - ₹20,000 a month",19000,,Gujarat
Trainee,"Navadwip, West Bengal","₹10,000 - ₹12,000 a month",11000,,West Bengal
Lead Generation Executive,"Mumbai, Maharashtra","₹10,000 - ₹13,000 a month",11500,,Maharashtra
Sales & Marketing Assistant manager,"Mumbai, Maharashtra","₹20,000 - ₹22,000 a month",21000,,Maharashtra
Physiotherapist,"Madurai, Tamil Nadu","₹8,086.00 - ₹29,664.21 a month",18875.105,,Tamil Nadu
Site Engineer,"Pimpri-Chinchwad, Maharashtra","₹10,601.15 - ₹15,000.00 a month",12800.575,,Maharashtra
Renewals Executive,"Mumbai, Maharashtra","₹10,000 - ₹13,000 a month",11500,,Maharashtra
Electrical Engineer,"Thrissur, Kerala","₹15,000 - ₹20,000 a month",17500,,Kerala
Field Sales Representative,"Karvenagar, Pune, Maharashtra","₹20,000 - ₹35,000 a month",27500,Karvenagar,Maharashtra
Café All Rounder/Barista/Tea House Chef,"Tiruchchirappalli, Tamil Nadu","From ₹12,000 a month",,,Tamil Nadu
Beauty and Massage Therapist,"Chennai, Tamil Nadu","From ₹20,000 a month",,,Tamil Nadu
Back Office Executive (Operations Insurance),"Ujjain, Madhya Pradesh","₹10,500 - ₹20,000 a month",15250,,Madhya Pradesh
Business Development Executive (Freshers & Experienced),"Chandigarh, Chandigarh",Not specified,,,Chandigarh
Sales & Marketing Manager,"Kolkata, West Bengal","Up to ₹35,000 a month",,,West Bengal
Sales & Marketing Officer,"Kochi, Kerala","₹15,000 - ₹18,000 a month",16500,,Kerala
Field Sales Representative,"Bengaluru, Karnataka","₹15,000 - ₹25,000 a month",20000,,Karnataka
